{
  "Accuracy": 0.7465116279069768,
  "F1 Score": 0.7310024422490604,
  "Precision": 0.7525307457906472,
  "Recall": 0.7465116279069768
}